Position;Url
1;https://www.chambres-hotes.fr/
2;https://www.gites-de-france.com/fr/chambres-dhotes
3;https://www.chambresdhotesdecharme.com/index.html
4;https://www.chambresdhotes.org/
5;https://www.entreprises.gouv.fr/fr/tourisme/conseils-strategie/chambres-d-hotes
6;https://www.charme-traditions.com/fr/chambres-d-hotes
7;https://www.service-public.fr/particuliers/vosdroits/F17452
8;http://www.gites-de-france.com/fr
9;https://fr.wikipedia.org/wiki/Chambre_d%27h%C3%B4tes
10;https://www.greengo.voyage/chambres-d-hotes
11;https://www.golfedumorbihan.bzh/preparer-sejour-vannes/hebergements/chambres-dhotes/
12;https://www.tourisme-creuse.com/toute-la-creuse/sejourner/hebergements/chambres-dhotes/
13;https://www.baiedequiberon.bzh/preparer-son-sejour-en-baie-de-quiberon/ou-dormir/chambres-d-hotes
14;https://www.parc-naturel-perche.fr/ou-dormir-0/chambres-d-hotes
15;https://www.visiterlyon.com/sejourner/hebergements/chambres-d-hotes
16;https://www.dordogne-perigord-tourisme.fr/preparer-son-sejour/ou-dormir/chambres-hotes/
17;https://www.larochelle-tourisme.com/sejourner/hebergements/chambres-d-hotes
18;https://www.pilat-tourisme.fr/planifier/dormir/chambres-d-hotes
19;https://www.lehavre-etretat-tourisme.com/dormir/chambres-dhotes/
20;https://www.saint-malo-tourisme.com/poser-ses-valises/ou-dormir/chambres-dhotes/
21;https://www.valdeloire-tourisme.fr/chambres-hotes-chateaux-de-la-loire.html
22;https://www.pornic.com/chambres-d-hotes.html
23;https://www.gites-de-france-aveyron.com/fr/recherche/chambre-d-hote-aveyron
24;https://www.tourisme-lot.com/hebergement/chambres-d-hotes
25;https://www.belle-ile.com/organiser/les-hebergements/chambres-dhotes/
26;https://www.tourisme-tarn.com/sejour/ou-dormir/type-hebergement/chambres-dhotes/
27;https://www.allier-auvergne-tourisme.com/hebergements-allier/chambres-d-hotes-16-1.html
28;https://www.bourgogne-tourisme.com/sejourner/hebergements/notre-selection-des-plus-belles-chambres-dhotes/
29;https://www.gites-de-france-jura.com/chambres-hotes-jura.html
30;https://www.tourisme-sete.com/location-chambres-hotes-sete.html
31;https://www.tourismecorreze.com/fr/chambres_hotes.html
32;https://www.gites-de-france-haute-savoie.com/chambres-d-hotes.html
33;https://reservation.belle-ile.com/chambres-d-hotes.html
34;https://www.tourisme-granville-terre-mer.com/sejourner/hebergements/chambres-d-hotes/
35;https://www.lacduder.com/sorganiser/hebergements/en-chambre-dhotes/
36;https://www.cannes-france.com/sejourner/hebergement-ou-dormir/chambres-d-hotes/
37;https://www.charme-traditions.com/fr/chambres-d-hotes/161867/quimper/1
38;https://www.tourisme-lot.com/hebergement/chambres-d-hotes/chambres-d-hotes-avec-tables-d-hotes
39;https://www.gites64.com/chambre-hotes64.html
40;https://www.luberon-apt.fr/organisez-votre-sejour/hebergement-du-luberon/chambres-d-hotes
41;https://www.tourisme-en-champagne.com/chambres-dhotes
42;https://www.gironde-tourisme.com/sur-place/les-hebergements/chambres-dhotes/
43;https://www.gitesdarmor.com/location-vacances-chambres.html
44;http://www.suisse-normande-tourisme.com/dormir-manger/ou-dormir/chambres-d-hotes
45;https://www.lepuyenvelay-tourisme.fr/sejourner/hebergements/chambres-dhotes/
46;https://www.explorenicecotedazur.com/preparer/hebergements/chambres-dhotes/
47;https://www.gites-normandie-76.com/chambres-hotes-normandie.html
48;https://www.achalon.com/preparer-son-sejour/se-loger/chambres-d-hotes
49;https://www.gites-de-france-puydedome.com/chambres-d-hotes.html
50;https://www.troyeslachampagne.com/organisez-votre-sejour/hebergements/chambres-dhotes/
51;https://www.tourisme-orleansmetropole.com/preparer-son-sejour/ou-dormir-a-orleans-metropole/chambres-dhotes-a-orleans-et-autour/
52;https://www.tourismeloiret.com/fr/dormir/hebergements/chambres-dhotes
53;https://www.aube-champagne.com/fr/trouvez-votre-chambre-dhotes-dans-l-aube-en-champagne/
54;https://www.tourisme.destination-angers.com/organisez-votre-sejour-a-angers/hebergement-a-angers/chambres-d-hotes-a-angers
55;https://www.menton-riviera-merveilles.fr/sorganiser/ou-dormir/chambres-dhotes/
56;https://tourisme-mortagne-au-perche.fr/ou-dormir/gites-et-chambres-dhotes/
57;https://www.tourisme-grandperigueux.fr/preparer-son-sejour/hebergements/chambres-d-hotes/
58;https://www.gites-de-france-nord-pas-de-calais.fr/chambres-d-hotes.html
59;https://www.chambres-dhotes-provence.net/
60;https://www.greengo.voyage/chambre-d-hotes-montagne
61;https://www.gitesdefrancealsace.net/fr/recherche/chambres-hotes
62;https://www.gites-de-france-calvados.fr/chambre-hote.html
63;https://amboise-valdeloire.com/chambres-dhotes/
64;https://www.tournus-tourisme.com/votre-sejour/ou-dormir/chambres-d-hotes/
65;https://www.fleursdesoleil.fr/
66;https://www.economie.gouv.fr/dgccrf/Publications/Vie-pratique/Fiches-pratiques/chambres-dhotes-quelle-est-reglementation-applicable
67;https://www.tourisme-colmar.com/fr/hebergement-fr/chez-l-habitant/chambres-dhotes
68;https://www.gitesdefrance35.com/locations-de-vacances-chambres-d-hote-rennes.html
69;https://www.marseille-tourisme.com/organisez-votre-sejour/hebergements/chambres-dhotes/
70;https://www.montauban-tourisme.com/sejourner/chambres-dhotes/
71;https://www.ot-cholet.fr/hebergements-chambres-hotes-cholet.html
72;https://www.iledere.com/sejourner/hebergement-au-meilleur-prix/chambres-dhotes/
73;https://www.chartres-tourisme.com/preparez/hebergements/chambres-d-hotes
74;https://www.gites-de-france-loiret.com/fr/recherche/chambres-d-hotes
75;https://www.gites-de-france-47.com/chambres-d-hotes.html
76;https://www.bretagne-cotedegranitrose.com/mon-sejour/dormir/chambres-dhotes/
77;https://www.montagnes-du-jura.fr/sejourner/tous-les-hebergements/selections-sejour-reussi/top-des-chambres-dhotes/
78;https://www.maison-hote.fr/
79;https://www.en-pays-basque.fr/votre-sejour/ou-dormir/toutes-les-chambres-dhote/
80;https://www.carhaixpohertourisme.bzh/sejourner/se-loger/les-chambres-dhotes/
81;https://www.baiedesaintbrieuc.com/hebergements/chambres-dhotes/
82;https://www.tourisme-occitanie.com/ou-dormir/hebergements/location-chambre-hotes/
83;https://www.sologne-tourisme.fr/se-loger/chambre-dhotes/
84;https://www.perros-guirec.com/accueil/preparer-mon-sejour/sejourner/hebergements/chambres-dhotes/
85;https://www.cevennes-tourisme.fr/je-prepare/hebergements/chambres-dhotes/
86;https://www.levoyageanantes.fr/sorganiser/ou-dormir/chambres-dhotes/
87;https://www.marais-poitevin.com/ou-dormir/chambres-hotes
88;https://www.ot-saumur.fr/hebergements/chambres-dhotes/
89;https://www.viarhona.com/hebergements/chambres-d-hotes
90;https://www.ile-yeu.fr/se-loger/chambres-d-hotes
91;https://www.ariegepyrenees.com/preparer/hebergement/chambres-dhotes/
92;https://www.antibesjuanlespins.com/sejourner/hebergement/chambres-d-hotes
93;https://www.loireavelo.fr/hebergements/chambres-dhotes/
94;https://www.laval-tourisme.com/votre-sejour/ou-dormir/chambres-d-hotes
95;https://www.ile-oleron-marennes.com/preparer-mes-vacances/ou-dormir/chambres-d-hotes
96;https://www.rochefort-ocean.com/organiser/hebergements/chambres-d-hotes
97;https://avignon-tourisme.com/preparez-votre-sejour/hebergements/chambres-dhotes/